--
-- PostgreSQL database dump
--

-- Dumped from database version 13.14
-- Dumped by pg_dump version 13.14

-- Started on 2024-06-16 21:04:11

SET statement_timeout = 0;
SET lock_timeout = 0;
SET idle_in_transaction_session_timeout = 0;
SET client_encoding = 'UTF8';
SET standard_conforming_strings = on;
SELECT pg_catalog.set_config('search_path', '', false);
SET check_function_bodies = false;
SET xmloption = content;
SET client_min_messages = warning;
SET row_security = off;

SET default_tablespace = '';

SET default_table_access_method = heap;

--
-- TOC entry 203 (class 1259 OID 16402)
-- Name: ceh; Type: TABLE; Schema: public; Owner: postgres
--

CREATE TABLE public.ceh (
    id integer NOT NULL,
    name character varying(50)
);


ALTER TABLE public.ceh OWNER TO postgres;

--
-- TOC entry 202 (class 1259 OID 16400)
-- Name: ceh_id_seq; Type: SEQUENCE; Schema: public; Owner: postgres
--

ALTER TABLE public.ceh ALTER COLUMN id ADD GENERATED BY DEFAULT AS IDENTITY (
    SEQUENCE NAME public.ceh_id_seq
    START WITH 1
    INCREMENT BY 1
    NO MINVALUE
    NO MAXVALUE
    CACHE 1
);


--
-- TOC entry 205 (class 1259 OID 16407)
-- Name: cells; Type: TABLE; Schema: public; Owner: postgres
--

CREATE TABLE public.cells (
    id integer NOT NULL,
    id_closet integer,
    number integer
);


ALTER TABLE public.cells OWNER TO postgres;

--
-- TOC entry 207 (class 1259 OID 16412)
-- Name: cells_and_tools; Type: TABLE; Schema: public; Owner: postgres
--

CREATE TABLE public.cells_and_tools (
    id integer NOT NULL,
    id_cell integer,
    id_tool integer,
    count integer
);


ALTER TABLE public.cells_and_tools OWNER TO postgres;

--
-- TOC entry 206 (class 1259 OID 16410)
-- Name: cells_and_tools_id_seq; Type: SEQUENCE; Schema: public; Owner: postgres
--

ALTER TABLE public.cells_and_tools ALTER COLUMN id ADD GENERATED BY DEFAULT AS IDENTITY (
    SEQUENCE NAME public.cells_and_tools_id_seq
    START WITH 1
    INCREMENT BY 1
    NO MINVALUE
    NO MAXVALUE
    CACHE 1
);


--
-- TOC entry 204 (class 1259 OID 16405)
-- Name: cells_id_seq; Type: SEQUENCE; Schema: public; Owner: postgres
--

ALTER TABLE public.cells ALTER COLUMN id ADD GENERATED BY DEFAULT AS IDENTITY (
    SEQUENCE NAME public.cells_id_seq
    START WITH 1
    INCREMENT BY 1
    NO MINVALUE
    NO MAXVALUE
    CACHE 1
);


--
-- TOC entry 209 (class 1259 OID 16417)
-- Name: closet; Type: TABLE; Schema: public; Owner: postgres
--

CREATE TABLE public.closet (
    id integer NOT NULL,
    name character varying(50),
    id_type integer,
    id_ceh integer
);


ALTER TABLE public.closet OWNER TO postgres;

--
-- TOC entry 208 (class 1259 OID 16415)
-- Name: closet_id_seq; Type: SEQUENCE; Schema: public; Owner: postgres
--

ALTER TABLE public.closet ALTER COLUMN id ADD GENERATED BY DEFAULT AS IDENTITY (
    SEQUENCE NAME public.closet_id_seq
    START WITH 1
    INCREMENT BY 1
    NO MINVALUE
    NO MAXVALUE
    CACHE 1
);


--
-- TOC entry 211 (class 1259 OID 16422)
-- Name: closet_type; Type: TABLE; Schema: public; Owner: postgres
--

CREATE TABLE public.closet_type (
    id integer NOT NULL,
    name character varying(50),
    shelves integer,
    cells_for_shelf integer,
    capacity integer
);


ALTER TABLE public.closet_type OWNER TO postgres;

--
-- TOC entry 210 (class 1259 OID 16420)
-- Name: closet_type_id_seq; Type: SEQUENCE; Schema: public; Owner: postgres
--

ALTER TABLE public.closet_type ALTER COLUMN id ADD GENERATED BY DEFAULT AS IDENTITY (
    SEQUENCE NAME public.closet_type_id_seq
    START WITH 1
    INCREMENT BY 1
    NO MINVALUE
    NO MAXVALUE
    CACHE 1
);





--
-- TOC entry 215 (class 1259 OID 16441)
-- Name: roles; Type: TABLE; Schema: public; Owner: postgres
--

CREATE TABLE public.roles (
    id integer NOT NULL,
    name character varying(50) NOT NULL
);


ALTER TABLE public.roles OWNER TO postgres;

--
-- TOC entry 214 (class 1259 OID 16439)
-- Name: roles_id_seq; Type: SEQUENCE; Schema: public; Owner: postgres
--

ALTER TABLE public.roles ALTER COLUMN id ADD GENERATED BY DEFAULT AS IDENTITY (
    SEQUENCE NAME public.roles_id_seq
    START WITH 1
    INCREMENT BY 1
    NO MINVALUE
    NO MAXVALUE
    CACHE 1
);


--
-- TOC entry 201 (class 1259 OID 16397)
-- Name: tool; Type: TABLE; Schema: public; Owner: postgres
--

CREATE TABLE public.tool (
    id integer NOT NULL,
    id_type integer,
    name character varying(50),
    manufacturer character varying(100)
);


ALTER TABLE public.tool OWNER TO postgres;

--
-- TOC entry 200 (class 1259 OID 16395)
-- Name: tool_id_seq; Type: SEQUENCE; Schema: public; Owner: postgres
--

ALTER TABLE public.tool ALTER COLUMN id ADD GENERATED BY DEFAULT AS IDENTITY (
    SEQUENCE NAME public.tool_id_seq
    START WITH 1
    INCREMENT BY 1
    NO MINVALUE
    NO MAXVALUE
    CACHE 1
);


--
-- TOC entry 217 (class 1259 OID 16518)
-- Name: tool_type; Type: TABLE; Schema: public; Owner: postgres
--

CREATE TABLE public.tool_type (
    id integer NOT NULL,
    name character varying(50)
);


ALTER TABLE public.tool_type OWNER TO postgres;

--
-- TOC entry 218 (class 1259 OID 16523)
-- Name: tool_type_id_seq; Type: SEQUENCE; Schema: public; Owner: postgres
--

ALTER TABLE public.tool_type ALTER COLUMN id ADD GENERATED BY DEFAULT AS IDENTITY (
    SEQUENCE NAME public.tool_type_id_seq
    START WITH 1
    INCREMENT BY 1
    NO MINVALUE
    NO MAXVALUE
    CACHE 1
);


--
-- TOC entry 213 (class 1259 OID 16432)
-- Name: users; Type: TABLE; Schema: public; Owner: postgres
--

CREATE TABLE public.users (
    id integer NOT NULL,
    username character varying(30) NOT NULL,
    password character varying(80) NOT NULL
);


ALTER TABLE public.users OWNER TO postgres;

--
-- TOC entry 212 (class 1259 OID 16430)
-- Name: users_id_seq; Type: SEQUENCE; Schema: public; Owner: postgres
--

ALTER TABLE public.users ALTER COLUMN id ADD GENERATED BY DEFAULT AS IDENTITY (
    SEQUENCE NAME public.users_id_seq
    START WITH 1
    INCREMENT BY 1
    NO MINVALUE
    NO MAXVALUE
    CACHE 1
);


--
-- TOC entry 216 (class 1259 OID 16446)
-- Name: users_roles; Type: TABLE; Schema: public; Owner: postgres
--

CREATE TABLE public.users_roles (
    user_id bigint NOT NULL,
    role_id integer NOT NULL
);


ALTER TABLE public.users_roles OWNER TO postgres;

--
-- TOC entry 3078 (class 0 OID 16402)
-- Dependencies: 203
-- Data for Name: ceh; Type: TABLE DATA; Schema: public; Owner: postgres
--

COPY public.ceh (id, name) FROM stdin;
11	Цех 2
10	Цех 1
\.


--
-- TOC entry 3080 (class 0 OID 16407)
-- Dependencies: 205
-- Data for Name: cells; Type: TABLE DATA; Schema: public; Owner: postgres
--

COPY public.cells (id, id_closet, number) FROM stdin;
188	7	1
189	7	2
190	7	3
191	7	4
192	7	5
193	7	6
194	7	7
195	7	8
196	7	9
197	7	10
198	7	11
199	7	12
200	7	13
201	7	14
202	7	15
203	7	16
204	7	17
205	7	18
206	7	19
207	7	20
208	7	21
209	7	22
210	7	23
211	7	24
212	7	25
213	7	26
214	7	27
215	7	28
216	7	29
217	7	30
218	7	31
219	7	32
220	7	33
221	7	34
222	7	35
223	7	36
224	7	37
225	7	38
226	7	39
227	7	40
228	7	41
229	7	42
230	7	43
231	7	44
232	7	45
233	7	46
234	7	47
235	7	48
236	7	49
237	7	50
238	7	51
239	7	52
240	7	53
241	7	54
242	7	55
243	7	56
244	7	57
245	7	58
246	7	59
247	7	60
248	7	61
249	7	62
250	7	63
251	7	64
252	7	65
253	7	66
254	7	67
255	7	68
256	7	69
257	7	70
258	7	71
259	7	72
260	7	73
261	7	74
262	7	75
263	7	76
264	7	77
265	7	78
266	7	79
267	7	80
268	7	81
269	7	82
270	7	83
271	7	84
272	7	85
273	7	86
274	7	87
275	7	88
276	7	89
277	7	90
278	7	91
279	7	92
280	7	93
281	7	94
282	7	95
283	7	96
284	7	97
285	7	98
286	7	99
287	7	100
288	7	101
289	7	102
290	7	103
291	7	104
292	7	105
293	7	106
294	7	107
295	7	108
296	7	109
297	7	110
298	7	111
299	7	112
300	7	113
301	7	114
302	7	115
303	7	116
304	7	117
305	7	118
306	7	119
307	7	120
308	7	121
309	7	122
310	7	123
311	7	124
312	7	125
313	7	126
314	7	127
315	7	128
316	7	129
317	7	130
318	7	131
319	7	132
320	7	133
321	7	134
322	7	135
323	7	136
324	7	137
325	7	138
326	7	139
327	7	140
328	7	141
329	7	142
330	7	143
331	7	144
332	7	145
333	7	146
334	7	147
335	7	148
336	7	149
337	7	150
338	7	151
339	7	152
340	7	153
341	7	154
342	7	155
343	7	156
344	7	157
345	7	158
346	7	159
347	7	160
348	7	161
349	7	162
350	7	163
351	7	164
352	7	165
353	7	166
354	7	167
355	7	168
356	7	169
357	7	170
358	7	171
359	7	172
360	7	173
361	7	174
362	7	175
363	7	176
364	7	177
365	7	178
366	7	179
367	7	180
368	7	181
369	7	182
370	7	183
371	7	184
372	7	185
373	7	186
374	7	187
375	7	188
376	7	189
377	7	190
378	7	191
379	7	192
380	7	193
381	7	194
382	7	195
383	7	196
384	7	197
385	7	198
386	7	199
387	7	200
388	7	201
389	7	202
390	7	203
391	7	204
392	7	205
393	7	206
394	7	207
395	7	208
396	7	209
397	7	210
398	7	211
399	7	212
400	7	213
401	7	214
402	7	215
403	7	216
404	7	217
405	7	218
406	7	219
407	7	220
408	7	221
409	7	222
410	7	223
411	7	224
412	7	225
413	8	1
414	8	2
415	8	3
416	8	4
417	8	5
418	8	6
419	8	7
420	8	8
421	8	9
422	8	10
423	8	11
424	8	12
425	8	13
426	8	14
427	8	15
428	8	16
429	8	17
430	8	18
431	8	19
432	8	20
433	8	21
434	8	22
435	8	23
436	8	24
437	8	25
438	8	26
439	8	27
440	8	28
441	8	29
442	8	30
443	8	31
444	8	32
445	8	33
446	8	34
447	8	35
448	8	36
449	8	37
450	8	38
451	8	39
452	8	40
453	8	41
454	8	42
455	8	43
456	8	44
457	8	45
458	8	46
459	8	47
460	8	48
461	8	49
462	8	50
463	8	51
464	8	52
465	8	53
466	8	54
467	8	55
468	8	56
469	8	57
470	8	58
471	8	59
472	8	60
473	8	61
474	8	62
475	8	63
476	8	64
477	8	65
478	8	66
479	8	67
480	8	68
481	8	69
482	8	70
483	8	71
484	8	72
485	8	73
486	8	74
487	8	75
488	8	76
489	8	77
490	8	78
491	8	79
492	8	80
493	8	81
494	8	82
495	8	83
496	8	84
497	8	85
498	8	86
499	8	87
500	8	88
501	8	89
502	8	90
503	8	91
504	8	92
505	8	93
506	8	94
507	8	95
508	8	96
509	8	97
510	8	98
511	8	99
512	8	100
573	11	1
574	11	2
575	11	3
576	11	4
577	11	5
578	11	6
579	11	7
580	11	8
581	11	9
582	11	10
583	11	11
584	11	12
585	11	13
586	11	14
587	11	15
588	11	16
589	11	17
590	11	18
591	11	19
592	11	20
\.


--
-- TOC entry 3082 (class 0 OID 16412)
-- Dependencies: 207
-- Data for Name: cells_and_tools; Type: TABLE DATA; Schema: public; Owner: postgres
--

COPY public.cells_and_tools (id, id_cell, id_tool, count) FROM stdin;
36	188	32	5
37	188	32	3
39	188	32	6
\.


--
-- TOC entry 3084 (class 0 OID 16417)
-- Dependencies: 209
-- Data for Name: closet; Type: TABLE DATA; Schema: public; Owner: postgres
--

COPY public.closet (id, name, id_type, id_ceh) FROM stdin;
8	Средний шкаф	9	10
7	Большой шкаф	8	10
11	Небольшой шкаф	11	10
\.


--
-- TOC entry 3086 (class 0 OID 16422)
-- Dependencies: 211
-- Data for Name: closet_type; Type: TABLE DATA; Schema: public; Owner: postgres
--

COPY public.closet_type (id, name, shelves, cells_for_shelf, capacity) FROM stdin;
8	Тип 1	15	15	225
9	Тип 2	10	10	100
11	Тип 3	10	2	20
\.


--
-- TOC entry 3094 (class 0 OID 16535)
-- Dependencies: 219
-- Data for Name: flyway_schema_history; Type: TABLE DATA; Schema: public; Owner: postgres
--



--
-- TOC entry 3090 (class 0 OID 16441)
-- Dependencies: 215
-- Data for Name: roles; Type: TABLE DATA; Schema: public; Owner: postgres
--

COPY public.roles (id, name) FROM stdin;
1	ROLE_USER
2	ROLE_ADMIN
\.


--
-- TOC entry 3076 (class 0 OID 16397)
-- Dependencies: 201
-- Data for Name: tool; Type: TABLE DATA; Schema: public; Owner: postgres
--

COPY public.tool (id, id_type, name, manufacturer) FROM stdin;
32	9	Державка-1	СССР
33	10	Резец-1	TaeguTec
\.


--
-- TOC entry 3092 (class 0 OID 16518)
-- Dependencies: 217
-- Data for Name: tool_type; Type: TABLE DATA; Schema: public; Owner: postgres
--

COPY public.tool_type (id, name) FROM stdin;
9	Державка
10	Резец
\.


--
-- TOC entry 3088 (class 0 OID 16432)
-- Dependencies: 213
-- Data for Name: users; Type: TABLE DATA; Schema: public; Owner: postgres
--

COPY public.users (id, username, password) FROM stdin;
1	user	$2a$04$Fx/SX9.BAvtPlMyIIqqFx.hLY2Xp8nnhpzvEEVINvVpwIPbA3v/.i
2	admin	$2a$04$Fx/SX9.BAvtPlMyIIqqFx.hLY2Xp8nnhpzvEEVINvVpwIPbA3v/.i
3	Zinovev-M-A	$2a$04$Fx/SX9.BAvtPlMyIIqqFx.hLY2Xp8nnhpzvEEVINvVpwIPbA3v/.i
4	Sklyarov-S-I	$2a$04$Fx/SX9.BAvtPlMyIIqqFx.hLY2Xp8nnhpzvEEVINvVpwIPbA3v/.i
\.


--
-- TOC entry 3091 (class 0 OID 16446)
-- Dependencies: 216
-- Data for Name: users_roles; Type: TABLE DATA; Schema: public; Owner: postgres
--

COPY public.users_roles (user_id, role_id) FROM stdin;
1	1
2	2
3	2
4	1
\.


--
-- TOC entry 3101 (class 0 OID 0)
-- Dependencies: 202
-- Name: ceh_id_seq; Type: SEQUENCE SET; Schema: public; Owner: postgres
--

SELECT pg_catalog.setval('public.ceh_id_seq', 11, true);


--
-- TOC entry 3102 (class 0 OID 0)
-- Dependencies: 206
-- Name: cells_and_tools_id_seq; Type: SEQUENCE SET; Schema: public; Owner: postgres
--

SELECT pg_catalog.setval('public.cells_and_tools_id_seq', 41, true);


--
-- TOC entry 3103 (class 0 OID 0)
-- Dependencies: 204
-- Name: cells_id_seq; Type: SEQUENCE SET; Schema: public; Owner: postgres
--

SELECT pg_catalog.setval('public.cells_id_seq', 817, true);


--
-- TOC entry 3104 (class 0 OID 0)
-- Dependencies: 208
-- Name: closet_id_seq; Type: SEQUENCE SET; Schema: public; Owner: postgres
--

SELECT pg_catalog.setval('public.closet_id_seq', 12, true);


--
-- TOC entry 3105 (class 0 OID 0)
-- Dependencies: 210
-- Name: closet_type_id_seq; Type: SEQUENCE SET; Schema: public; Owner: postgres
--

SELECT pg_catalog.setval('public.closet_type_id_seq', 11, true);


--
-- TOC entry 3106 (class 0 OID 0)
-- Dependencies: 214
-- Name: roles_id_seq; Type: SEQUENCE SET; Schema: public; Owner: postgres
--

SELECT pg_catalog.setval('public.roles_id_seq', 2, true);


--
-- TOC entry 3107 (class 0 OID 0)
-- Dependencies: 200
-- Name: tool_id_seq; Type: SEQUENCE SET; Schema: public; Owner: postgres
--

SELECT pg_catalog.setval('public.tool_id_seq', 33, true);


--
-- TOC entry 3108 (class 0 OID 0)
-- Dependencies: 218
-- Name: tool_type_id_seq; Type: SEQUENCE SET; Schema: public; Owner: postgres
--

SELECT pg_catalog.setval('public.tool_type_id_seq', 11, true);


--
-- TOC entry 3109 (class 0 OID 0)
-- Dependencies: 212
-- Name: users_id_seq; Type: SEQUENCE SET; Schema: public; Owner: postgres
--

SELECT pg_catalog.setval('public.users_id_seq', 4, true);


--
-- TOC entry 2915 (class 2606 OID 16466)
-- Name: ceh ceh_pk; Type: CONSTRAINT; Schema: public; Owner: postgres
--

ALTER TABLE ONLY public.ceh
    ADD CONSTRAINT ceh_pk PRIMARY KEY (id);


--
-- TOC entry 2919 (class 2606 OID 16464)
-- Name: cells_and_tools cells_and_tools_pk; Type: CONSTRAINT; Schema: public; Owner: postgres
--

ALTER TABLE ONLY public.cells_and_tools
    ADD CONSTRAINT cells_and_tools_pk PRIMARY KEY (id);


--
-- TOC entry 2921 (class 2606 OID 16468)
-- Name: closet closet_pk; Type: CONSTRAINT; Schema: public; Owner: postgres
--

ALTER TABLE ONLY public.closet
    ADD CONSTRAINT closet_pk PRIMARY KEY (id);


--
-- TOC entry 2923 (class 2606 OID 16470)
-- Name: closet_type closet_type_pk; Type: CONSTRAINT; Schema: public; Owner: postgres
--

ALTER TABLE ONLY public.closet_type
    ADD CONSTRAINT closet_type_pk PRIMARY KEY (id);


--
-- TOC entry 2935 (class 2606 OID 16543)
-- Name: flyway_schema_history flyway_schema_history_pk; Type: CONSTRAINT; Schema: public; Owner: postgres
--


--
-- TOC entry 2917 (class 2606 OID 16462)
-- Name: cells pk_id; Type: CONSTRAINT; Schema: public; Owner: postgres
--

ALTER TABLE ONLY public.cells
    ADD CONSTRAINT pk_id PRIMARY KEY (id);


--
-- TOC entry 2929 (class 2606 OID 16445)
-- Name: roles roles_pkey; Type: CONSTRAINT; Schema: public; Owner: postgres
--

ALTER TABLE ONLY public.roles
    ADD CONSTRAINT roles_pkey PRIMARY KEY (id);


--
-- TOC entry 2913 (class 2606 OID 16472)
-- Name: tool tool_pk; Type: CONSTRAINT; Schema: public; Owner: postgres
--

ALTER TABLE ONLY public.tool
    ADD CONSTRAINT tool_pk PRIMARY KEY (id);


--
-- TOC entry 2933 (class 2606 OID 16522)
-- Name: tool_type tool_type_pk; Type: CONSTRAINT; Schema: public; Owner: postgres
--

ALTER TABLE ONLY public.tool_type
    ADD CONSTRAINT tool_type_pk PRIMARY KEY (id);


--
-- TOC entry 2925 (class 2606 OID 16436)
-- Name: users users_pkey; Type: CONSTRAINT; Schema: public; Owner: postgres
--

ALTER TABLE ONLY public.users
    ADD CONSTRAINT users_pkey PRIMARY KEY (id);


--
-- TOC entry 2931 (class 2606 OID 16450)
-- Name: users_roles users_roles_pkey; Type: CONSTRAINT; Schema: public; Owner: postgres
--

ALTER TABLE ONLY public.users_roles
    ADD CONSTRAINT users_roles_pkey PRIMARY KEY (user_id, role_id);


--
-- TOC entry 2927 (class 2606 OID 16438)
-- Name: users users_username_key; Type: CONSTRAINT; Schema: public; Owner: postgres
--

ALTER TABLE ONLY public.users
    ADD CONSTRAINT users_username_key UNIQUE (username);


--
-- TOC entry 2936 (class 1259 OID 16544)
-- Name: flyway_schema_history_s_idx; Type: INDEX; Schema: public; Owner: postgres
--



--
-- TOC entry 2938 (class 2606 OID 16478)
-- Name: cells cells___fk; Type: FK CONSTRAINT; Schema: public; Owner: postgres
--

ALTER TABLE ONLY public.cells
    ADD CONSTRAINT cells___fk FOREIGN KEY (id_closet) REFERENCES public.closet(id) ON DELETE CASCADE;


--
-- TOC entry 2939 (class 2606 OID 16493)
-- Name: cells_and_tools cells_and_tools___fk; Type: FK CONSTRAINT; Schema: public; Owner: postgres
--

ALTER TABLE ONLY public.cells_and_tools
    ADD CONSTRAINT cells_and_tools___fk FOREIGN KEY (id_cell) REFERENCES public.cells(id) ON DELETE CASCADE;


--
-- TOC entry 2940 (class 2606 OID 16498)
-- Name: cells_and_tools cells_and_tools___fk_2; Type: FK CONSTRAINT; Schema: public; Owner: postgres
--

ALTER TABLE ONLY public.cells_and_tools
    ADD CONSTRAINT cells_and_tools___fk_2 FOREIGN KEY (id_tool) REFERENCES public.tool(id) ON DELETE CASCADE;


--
-- TOC entry 2941 (class 2606 OID 16508)
-- Name: closet closet___fk; Type: FK CONSTRAINT; Schema: public; Owner: postgres
--

ALTER TABLE ONLY public.closet
    ADD CONSTRAINT closet___fk FOREIGN KEY (id_type) REFERENCES public.closet_type(id) ON DELETE CASCADE;


--
-- TOC entry 2942 (class 2606 OID 16513)
-- Name: closet closet___fk_2; Type: FK CONSTRAINT; Schema: public; Owner: postgres
--

ALTER TABLE ONLY public.closet
    ADD CONSTRAINT closet___fk_2 FOREIGN KEY (id_ceh) REFERENCES public.ceh(id) ON DELETE CASCADE;


--
-- TOC entry 2937 (class 2606 OID 16530)
-- Name: tool tool___fk; Type: FK CONSTRAINT; Schema: public; Owner: postgres
--

ALTER TABLE ONLY public.tool
    ADD CONSTRAINT tool___fk FOREIGN KEY (id_type) REFERENCES public.tool_type(id) ON DELETE CASCADE;


--
-- TOC entry 2944 (class 2606 OID 16456)
-- Name: users_roles users_roles_role_id_fkey; Type: FK CONSTRAINT; Schema: public; Owner: postgres
--

ALTER TABLE ONLY public.users_roles
    ADD CONSTRAINT users_roles_role_id_fkey FOREIGN KEY (role_id) REFERENCES public.roles(id);


--
-- TOC entry 2943 (class 2606 OID 16451)
-- Name: users_roles users_roles_user_id_fkey; Type: FK CONSTRAINT; Schema: public; Owner: postgres
--

ALTER TABLE ONLY public.users_roles
    ADD CONSTRAINT users_roles_user_id_fkey FOREIGN KEY (user_id) REFERENCES public.users(id);


-- Completed on 2024-06-16 21:04:11

--
-- PostgreSQL database dump complete
--

